Title,Link,Price
N/A,N/A,379.99
N/A,N/A,379.99
N/A,N/A,212.00
N/A,N/A,176.99
N/A,N/A,179.99
N/A,N/A,321.99
N/A,N/A,530.26
N/A,N/A,289.99
N/A,N/A,
N/A,N/A,299.99
N/A,N/A,164.99
N/A,N/A,359.99
N/A,N/A,389.99
N/A,N/A,197.33
N/A,N/A,309.00
N/A,N/A,295.00
N/A,N/A,389.99
N/A,N/A,212.48
N/A,N/A,139.99
N/A,N/A,145.00
N/A,N/A,89.99
N/A,N/A,452.99
N/A,N/A,234.04
N/A,N/A,452.99
N/A,N/A,198.08
N/A,N/A,308.96
N/A,N/A,359.99
N/A,N/A,379.99
N/A,N/A,143.00
N/A,N/A,423.00
N/A,N/A,209.99
N/A,N/A,488.98
N/A,N/A,299.99
N/A,N/A,379.99
N/A,N/A,229.99
N/A,N/A,379.99
N/A,N/A,"1,331.30"
N/A,N/A,
N/A,N/A,989.90
N/A,N/A,396.94
N/A,N/A,227.89
N/A,N/A,"1,499.00"
N/A,N/A,89.99
N/A,N/A,38.99
N/A,N/A,129.99
N/A,N/A,452.99
N/A,N/A,599.99
N/A,N/A,"1,499.00"
N/A,N/A,669.00
N/A,N/A,899.99
N/A,N/A,619.00
N/A,N/A,658.95
N/A,N/A,759.00
N/A,N/A,"4,149.00"
N/A,N/A,234.04
N/A,N/A,599.99
N/A,N/A,279.00
N/A,N/A,659.00
N/A,N/A,599.98
N/A,N/A,638.98
N/A,N/A,"1,399.99"
N/A,N/A,729.97
N/A,N/A,577.00
N/A,N/A,349.00
N/A,N/A,89.99
N/A,N/A,38.99
